{"cameraMode":{"drawMode":0,"name":"Shaded","section":"Shading Mode"},"sceneLighting":true,"audioPlay":false,"sceneViewState":{"showFog":true,"showMaterialUpdate":false,"showSkybox":true,"showFlares":true,"showImageEffects":true,"showParticleSystems":true},"in2DMode":false,"pivot":{"x":0.5672512054443359,"y":1.8307819366455079,"z":0.0},"rotation":{"x":-0.1526709944009781,"y":-0.06457893550395966,"z":0.009990544989705086,"w":-0.9861308932304382},"size":47.790245056152347,"orthographic":true}