{"cameraMode":{"drawMode":0,"name":"Shaded","section":"Shading Mode"},"sceneLighting":false,"audioPlay":false,"sceneViewState":{"showFog":true,"showMaterialUpdate":false,"showSkybox":false,"showFlares":true,"showImageEffects":true,"showParticleSystems":true},"in2DMode":false,"pivot":{"x":2.0,"y":0.09999999403953552,"z":-5.960464477539063e-8},"rotation":{"x":-0.007627884857356548,"y":-0.962346076965332,"z":0.2703804075717926,"w":-0.027148785069584848},"size":1.4289517402648926,"orthographic":true}